{
    "loss": 20.863256454467773,
    "accuracy": 0.5686274766921997
}